video_path,fps,total_frames,duration
4k7uwgFI9DA,30.0,669548,22318.266666666666
8LR91G0iNv4,29.97002997002997,824316,27504.677200000002
